dh_a,dh_alpha,dh_d,dh_theta
0.0, 1.57079, 0.0, 0.0
.20615, 0.0, 0.0, 1.3258
.2000, 0.0, 0.0, -1.3258
.1740, -1.57079, 0.0, 0.0
0.0, 0.0, 0.0, 0.0