dh_a,dh_alpha,dh_d,dh_theta
0.0, 1.57079, 0.0, 0.0
206.15, 0.0, 0.0, 1.3258
200.0, 0.0, 0.0, -1.3258
174.0, -1.57079, 0.0, 0.0
0.0, 0.0, 0.0, 0.0